timestamp_utc,timestamp_sharjah,actual_SpTREff,optimized_SpTREff,setpoint_difference,actual_TempSp1,TempSu,TempSp1_lag_10m,SpTREff_lag_10m,target_temperature,occupied,movie_name,mode,outside_temp,outside_humidity,FbVFD,FbFAD,Co2RA,HuR1,co2_load_category,co2_load_factor,occupied_setpoint,unoccupied_setpoint,comfort_min,comfort_max,hour_sin,hour_cos,day_sin,day_cos,is_overnight_movie,is_precooling,time_remaining_min,time_until_next_min,schedule_instance_used,optimization_status
2026-02-19 07:00:00,2026-02-19 11:00:00,24.0,21.0,-3.0,25.520999908447266,16.0625,25.520999908447266,24.0,21.0,1,[PRE-COOLING] Shelter (18TC),occupied,28.3,24,0.14000000059604645,99.28499984741211,397.4000244140625,63.61749839782715,low,0.0,21.0,24.0,21.0,23.0,0.258819045102521,-0.9659258262890682,0.43388373911755823,-0.900968867902419,False,True,,60.0,,success
2026-02-19 07:10:00,2026-02-19 11:10:00,24.0,21.0,-3.0,25.67300033569336,16.798332850138348,25.520999908447266,24.0,21.0,1,[PRE-COOLING] Shelter (18TC),occupied,28.3,24,0.14000000059604645,99.29000091552734,397.4000244140625,64.12666447957356,low,0.0,21.0,24.0,21.0,23.0,0.258819045102521,-0.9659258262890682,0.43388373911755823,-0.900968867902419,False,True,,50.0,,success
2026-02-19 07:20:00,2026-02-19 11:20:00,24.0,21.0,-3.0,25.706000010172527,17.678333282470703,25.67300033569336,24.0,21.0,1,[PRE-COOLING] Shelter (18TC),occupied,28.3,24,0.14000000059604645,99.27666473388672,397.4000244140625,64.39166514078777,low,0.0,21.0,24.0,21.0,23.0,0.258819045102521,-0.9659258262890682,0.43388373911755823,-0.900968867902419,False,True,,40.0,,success
2026-02-19 07:30:00,2026-02-19 11:30:00,24.0,21.0,-3.0,25.619998931884766,18.34249973297119,25.706000010172527,24.0,21.0,1,[PRE-COOLING] Shelter (18TC),occupied,28.3,24,0.14000000059604645,99.27999877929688,397.4000244140625,64.41999816894531,low,0.0,21.0,24.0,21.0,23.0,0.258819045102521,-0.9659258262890682,0.43388373911755823,-0.900968867902419,False,True,,30.0,,success
2026-02-19 07:40:00,2026-02-19 11:40:00,24.0,21.0,-3.0,25.619998931884766,18.804999351501465,25.619998931884766,24.0,21.0,1,[PRE-COOLING] Shelter (18TC),occupied,29.2,21,0.14499999582767487,99.27499771118164,398.0,64.33499908447266,low,0.0,21.0,24.0,21.0,23.0,0.258819045102521,-0.9659258262890682,0.43388373911755823,-0.900968867902419,False,True,,20.0,,success
2026-02-19 07:50:00,2026-02-19 11:50:00,24.0,21.0,-3.0,25.612998962402344,19.26333236694336,25.619998931884766,24.0,21.0,1,[PRE-COOLING] Shelter (18TC),occupied,29.2,21,0.1433333307504654,99.2699966430664,395.3000081380208,64.25,low,0.0,21.0,24.0,21.0,23.0,0.258819045102521,-0.9659258262890682,0.43388373911755823,-0.900968867902419,False,True,,10.0,,success
2026-02-19 08:00:00,2026-02-19 12:00:00,24.0,21.0,-3.0,25.5989990234375,19.886666615804035,25.612998962402344,24.0,21.0,1,Shelter (18TC),occupied,29.2,21,0.16666666666666666,99.2699966430664,391.7666727701823,63.348331451416016,low,0.0,21.0,24.0,21.0,23.0,1.2246467991473532e-16,-1.0,0.43388373911755823,-0.900968867902419,False,False,130.0,,1.0,success
2026-02-19 08:10:00,2026-02-19 12:10:00,24.0,21.0,-3.0,25.5989990234375,20.929999351501465,25.5989990234375,24.0,21.0,1,Shelter (18TC),occupied,29.2,21,0.1599999964237213,99.2699966430664,390.0500030517578,62.714996337890625,low,0.0,21.0,24.0,21.0,23.0,1.2246467991473532e-16,-1.0,0.43388373911755823,-0.900968867902419,False,False,120.0,,1.0,success
2026-02-19 08:20:00,2026-02-19 12:20:00,24.0,21.0,-3.0,25.53999964396159,21.703332901000977,25.5989990234375,24.0,21.0,1,Shelter (18TC),occupied,29.2,21,0.15666666130224863,99.2699966430664,386.4666748046875,61.78666559855143,low,0.0,21.0,24.0,21.0,23.0,1.2246467991473532e-16,-1.0,0.43388373911755823,-0.900968867902419,False,False,110.0,,1.0,success
2026-02-19 08:30:00,2026-02-19 12:30:00,24.0,21.0,-3.0,25.422000885009766,22.319998741149902,25.53999964396159,24.0,21.0,1,Shelter (18TC),occupied,29.2,21,0.1599999964237213,99.2699966430664,382.70001220703125,60.84499931335449,low,0.0,21.0,24.0,21.0,23.0,1.2246467991473532e-16,-1.0,0.43388373911755823,-0.900968867902419,False,False,100.0,,1.0,success
2026-02-19 08:40:00,2026-02-19 12:40:00,24.0,21.0,-3.0,25.422000885009766,22.8249994913737,25.422000885009766,24.0,21.0,1,Shelter (18TC),occupied,29.3,23,0.1599999964237213,99.26666259765625,379.6000162760417,60.926666259765625,low,0.0,21.0,24.0,21.0,23.0,1.2246467991473532e-16,-1.0,0.43388373911755823,-0.900968867902419,False,False,90.0,,1.0,success
2026-02-19 08:50:00,2026-02-19 12:50:00,24.0,21.0,-3.0,25.413000106811523,23.27999973297119,25.422000885009766,24.0,21.0,1,Shelter (18TC),occupied,29.3,23,0.1599999964237213,99.2699966430664,381.6000213623047,60.67499923706055,low,0.0,21.0,24.0,21.0,23.0,1.2246467991473532e-16,-1.0,0.43388373911755823,-0.900968867902419,False,False,80.0,,1.0,success
2026-02-19 09:00:00,2026-02-19 13:00:00,24.0,21.0,-3.0,25.40399932861328,23.552498817443848,25.413000106811523,24.0,21.0,1,Shelter (18TC),occupied,29.3,23,0.1549999937415123,99.26499557495117,381.1000213623047,60.742496490478516,low,0.0,21.0,24.0,21.0,23.0,-0.2588190451025208,-0.9659258262890683,0.43388373911755823,-0.900968867902419,False,False,70.0,,1.0,success
2026-02-19 09:10:00,2026-02-19 13:10:00,24.0,21.0,-3.0,25.40399932861328,23.78666623433431,25.40399932861328,24.0,21.0,1,Shelter (18TC),occupied,29.3,23,0.1599999964237213,99.26666259765625,375.8000081380208,60.59833272298177,low,0.0,21.0,24.0,21.0,23.0,-0.2588190451025208,-0.9659258262890683,0.43388373911755823,-0.900968867902419,False,False,60.0,,1.0,success
2026-02-19 09:20:00,2026-02-19 13:20:00,24.0,21.0,-3.0,25.40399932861328,24.045000076293945,25.40399932861328,24.0,21.0,1,Shelter (18TC),occupied,29.3,23,0.1599999964237213,99.2699966430664,374.45001220703125,60.599998474121094,low,0.0,21.0,24.0,21.0,23.0,-0.2588190451025208,-0.9659258262890683,0.43388373911755823,-0.900968867902419,False,False,50.0,,1.0,success
2026-02-19 09:30:00,2026-02-19 13:30:00,24.0,21.0,-3.0,25.380001068115234,24.308333079020183,25.40399932861328,24.0,21.0,1,Shelter (18TC),occupied,29.3,23,0.1599999964237213,99.2633285522461,378.1666768391927,60.5099983215332,low,0.0,21.0,24.0,21.0,23.0,-0.2588190451025208,-0.9659258262890683,0.43388373911755823,-0.900968867902419,False,False,40.0,,1.0,success
2026-02-19 09:40:00,2026-02-19 13:40:00,24.0,21.0,-3.0,25.380001068115234,24.621665954589844,25.380001068115234,24.0,21.0,1,Shelter (18TC),occupied,28.9,26,0.15666666130224863,99.2633285522461,374.2000223795573,60.27999750773112,low,0.0,21.0,24.0,21.0,23.0,-0.2588190451025208,-0.9659258262890683,0.43388373911755823,-0.900968867902419,False,False,30.0,,1.0,success
2026-02-19 09:50:00,2026-02-19 13:50:00,24.0,21.0,-3.0,25.36050033569336,24.862499237060547,25.380001068115234,24.0,21.0,1,Shelter (18TC),occupied,28.9,26,0.1549999937415123,99.26499557495117,372.45001220703125,59.97500038146973,low,0.0,21.0,24.0,21.0,23.0,-0.2588190451025208,-0.9659258262890683,0.43388373911755823,-0.900968867902419,False,False,20.0,,1.0,success
2026-02-19 10:00:00,2026-02-19 14:00:00,22.0,21.0,-1.0,25.665000915527344,19.769999504089355,25.36050033569336,24.0,21.0,1,Shelter (18TC),occupied,28.9,26,97.85499954223633,99.26499557495117,372.20001220703125,59.25,low,0.0,21.0,24.0,21.0,23.0,-0.4999999999999997,-0.8660254037844388,0.43388373911755823,-0.900968867902419,False,False,10.0,,1.0,success
2026-02-19 10:10:00,2026-02-19 14:10:00,22.0,21.0,-1.0,25.368000030517578,14.888333002726236,25.665000915527344,22.0,21.0,1,[PRE-COOLING] The housemaid (18TC),occupied,28.9,26,100.33999633789062,99.26666259765625,362.66668701171875,58.87499872843424,low,0.0,21.0,24.0,21.0,23.0,-0.4999999999999997,-0.8660254037844388,0.43388373911755823,-0.900968867902419,False,True,,20.0,,success
2026-02-19 10:20:00,2026-02-19 14:20:00,22.0,21.0,-1.0,24.796000162760418,14.739999771118164,25.368000030517578,22.0,21.0,1,[PRE-COOLING] The housemaid (18TC),occupied,28.9,26,100.34666442871094,99.25999450683594,354.46666463216144,59.3999989827474,low,0.0,21.0,24.0,21.0,23.0,-0.4999999999999997,-0.8660254037844388,0.43388373911755823,-0.900968867902419,False,True,,10.0,,success
2026-02-19 10:30:00,2026-02-19 14:30:00,22.0,21.0,-1.0,24.58049964904785,14.694999694824219,24.796000162760418,22.0,21.0,1,The housemaid (18TC),occupied,28.9,26,100.34499740600586,99.25999450683594,346.00001525878906,59.57999801635742,low,0.0,21.0,24.0,21.0,23.0,-0.4999999999999997,-0.8660254037844388,0.43388373911755823,-0.900968867902419,False,False,150.0,,1.0,success
2026-02-19 10:40:00,2026-02-19 14:40:00,22.0,21.0,-1.0,24.479999542236328,14.699999332427979,24.58049964904785,22.0,21.0,1,The housemaid (18TC),occupied,28.5,26,100.3499984741211,99.26499557495117,347.3000030517578,59.52750015258789,low,0.0,21.0,24.0,21.0,23.0,-0.4999999999999997,-0.8660254037844388,0.43388373911755823,-0.900968867902419,False,False,140.0,,1.0,success
2026-02-19 10:50:00,2026-02-19 14:50:00,22.0,21.0,-1.0,24.24500020345052,14.661666552225748,24.479999542236328,22.0,21.0,1,The housemaid (18TC),occupied,28.5,26,100.3499984741211,99.26666259765625,343.50001017252606,59.52166493733724,low,0.0,21.0,24.0,21.0,23.0,-0.4999999999999997,-0.8660254037844388,0.43388373911755823,-0.900968867902419,False,False,130.0,,1.0,success
2026-02-19 11:00:00,2026-02-19 15:00:00,22.0,21.0,-1.0,24.182998657226562,14.654999732971191,24.24500020345052,22.0,21.0,1,The housemaid (18TC),occupied,28.5,26,100.36666361490886,99.2566630045573,342.3000183105469,59.373329162597656,low,0.0,21.0,24.0,21.0,23.0,-0.7071067811865471,-0.7071067811865479,0.43388373911755823,-0.900968867902419,False,False,120.0,,1.0,success
2026-02-19 11:10:00,2026-02-19 15:10:00,22.0,21.0,-1.0,24.182998657226562,14.649999618530273,24.182998657226562,22.0,21.0,1,The housemaid (18TC),occupied,28.5,26,100.36499786376953,99.25999450683594,341.90000915527344,59.51249885559082,low,0.0,21.0,24.0,21.0,23.0,-0.7071067811865471,-0.7071067811865479,0.43388373911755823,-0.900968867902419,False,False,110.0,,1.0,success
2026-02-19 11:20:00,2026-02-19 15:20:00,22.0,21.0,-1.0,24.150999069213867,14.643332799275717,24.182998657226562,22.0,21.0,1,The housemaid (18TC),occupied,28.5,26,100.3699951171875,99.25999450683594,338.50001017252606,59.768332163492836,low,0.0,21.0,24.0,21.0,23.0,-0.7071067811865471,-0.7071067811865479,0.43388373911755823,-0.900968867902419,False,False,100.0,,1.0,success
2026-02-19 11:30:00,2026-02-19 15:30:00,22.0,21.0,-1.0,24.19200038909912,14.62999963760376,24.150999069213867,22.0,21.0,1,The housemaid (18TC),occupied,28.5,26,100.36499786376953,99.25999450683594,336.70001220703125,59.87750053405762,low,0.0,21.0,24.0,21.0,23.0,-0.7071067811865471,-0.7071067811865479,0.43388373911755823,-0.900968867902419,False,False,90.0,,1.0,success
2026-02-19 11:40:00,2026-02-19 15:40:00,22.0,21.0,-1.0,24.297000885009766,14.627500057220459,24.19200038909912,22.0,21.0,1,The housemaid (18TC),occupied,27.0,36,100.36499786376953,99.25999450683594,339.00001525878906,59.897499084472656,low,0.0,21.0,24.0,21.0,23.0,-0.7071067811865471,-0.7071067811865479,0.43388373911755823,-0.900968867902419,False,False,80.0,,1.0,success
2026-02-19 11:50:00,2026-02-19 15:50:00,22.0,21.0,-1.0,24.244000752766926,14.60333283742269,24.297000885009766,22.0,21.0,1,The housemaid (18TC),occupied,27.0,36,100.3633321126302,99.2566630045573,338.1333414713542,60.211666107177734,low,0.0,21.0,24.0,21.0,23.0,-0.7071067811865471,-0.7071067811865479,0.43388373911755823,-0.900968867902419,False,False,70.0,,1.0,success
2026-02-19 12:00:00,2026-02-19 16:00:00,22.0,21.0,-1.0,24.147000312805176,14.594999313354492,24.244000752766926,22.0,21.0,1,Crime 101 (18TC),occupied,27.0,36,100.36499786376953,99.25999450683594,340.50001525878906,60.40249824523926,low,0.0,21.0,24.0,21.0,23.0,-0.8660254037844385,-0.5000000000000004,0.43388373911755823,-0.900968867902419,False,False,160.0,,0.0,success
2026-02-19 12:10:00,2026-02-19 16:10:00,22.0,21.0,-1.0,24.1560001373291,14.569999694824219,24.147000312805176,22.0,21.0,1,Crime 101 (18TC),occupied,27.0,36,100.3699951171875,99.2633285522461,339.2666829427083,60.55666732788086,low,0.0,21.0,24.0,21.0,23.0,-0.8660254037844385,-0.5000000000000004,0.43388373911755823,-0.900968867902419,False,False,150.0,,0.0,success
2026-02-19 12:20:00,2026-02-19 16:20:00,22.0,21.0,-1.0,24.1560001373291,14.589999675750732,24.1560001373291,22.0,21.0,1,Crime 101 (18TC),occupied,27.0,36,100.3599967956543,99.25999450683594,340.5500183105469,60.65749931335449,low,0.0,21.0,24.0,21.0,23.0,-0.8660254037844385,-0.5000000000000004,0.43388373911755823,-0.900968867902419,False,False,140.0,,0.0,success
2026-02-19 12:30:00,2026-02-19 16:30:00,22.0,21.0,-1.0,24.167999267578125,14.544999758402506,24.1560001373291,22.0,21.0,1,Crime 101 (18TC),occupied,27.0,36,100.3633321126302,99.25999704996745,339.40001424153644,60.73333231608073,low,0.0,21.0,24.0,21.0,23.0,-0.8660254037844385,-0.5000000000000004,0.43388373911755823,-0.900968867902419,False,False,130.0,,0.0,success
2026-02-19 12:40:00,2026-02-19 16:40:00,22.0,21.0,-1.0,24.167999267578125,14.534999370574951,24.167999267578125,22.0,21.0,1,Crime 101 (18TC),occupied,26.0,47,100.3499984741211,99.25999450683594,338.40000915527344,61.042497634887695,low,0.0,21.0,24.0,21.0,23.0,-0.8660254037844385,-0.5000000000000004,0.43388373911755823,-0.900968867902419,False,False,120.0,,0.0,success
2026-02-19 12:50:00,2026-02-19 16:50:00,22.0,21.0,-1.0,24.15899912516276,14.50666618347168,24.167999267578125,22.0,21.0,1,Crime 101 (18TC),occupied,26.0,47,100.3633321126302,99.25999450683594,339.40001424153644,61.36499786376953,low,0.0,21.0,24.0,21.0,23.0,-0.8660254037844385,-0.5000000000000004,0.43388373911755823,-0.900968867902419,False,False,110.0,,0.0,success
2026-02-19 13:00:00,2026-02-19 17:00:00,22.0,21.0,-1.0,24.14699935913086,14.47833283742269,24.15899912516276,22.0,21.0,1,Crime 101 (18TC),occupied,26.0,47,100.35999806722005,99.24999745686848,337.0,61.69833119710287,low,0.0,21.0,24.0,21.0,23.0,-0.9659258262890683,-0.25881904510252063,0.43388373911755823,-0.900968867902419,False,False,100.0,,0.0,success
2026-02-19 13:10:00,2026-02-19 17:10:00,22.0,21.0,-1.0,24.159000396728516,14.47499942779541,24.14699935913086,22.0,21.0,1,Crime 101 (18TC),occupied,26.0,47,100.36499786376953,99.25499725341797,336.25,61.79749870300293,low,0.0,21.0,24.0,21.0,23.0,-0.9659258262890683,-0.25881904510252063,0.43388373911755823,-0.900968867902419,False,False,90.0,,0.0,success
2026-02-19 13:20:00,2026-02-19 17:20:00,22.0,21.0,-1.0,24.159000396728516,14.467499732971191,24.159000396728516,22.0,21.0,1,Crime 101 (18TC),occupied,26.0,47,100.36499786376953,99.25999450683594,335.00001525878906,61.98249816894531,low,0.0,21.0,24.0,21.0,23.0,-0.9659258262890683,-0.25881904510252063,0.43388373911755823,-0.900968867902419,False,False,80.0,,0.0,success
2026-02-19 13:30:00,2026-02-19 17:30:00,22.0,21.0,-1.0,24.1560001373291,14.449999809265137,24.159000396728516,22.0,21.0,1,Crime 101 (18TC),occupied,26.0,47,100.36666361490886,99.25999450683594,337.53334554036456,62.42499923706055,low,0.0,21.0,24.0,21.0,23.0,-0.9659258262890683,-0.25881904510252063,0.43388373911755823,-0.900968867902419,False,False,70.0,,0.0,success
2026-02-19 13:40:00,2026-02-19 17:40:00,22.0,21.0,-1.0,24.1560001373291,14.422499656677246,24.1560001373291,22.0,21.0,1,Crime 101 (18TC),occupied,24.2,58,100.35499954223633,99.25499725341797,337.95001220703125,62.73749923706055,low,0.0,21.0,24.0,21.0,23.0,-0.9659258262890683,-0.25881904510252063,0.43388373911755823,-0.900968867902419,False,False,60.0,,0.0,success
2026-02-19 13:50:00,2026-02-19 17:50:00,22.0,21.0,-1.0,24.158000310262043,14.41166623433431,24.1560001373291,22.0,21.0,1,Crime 101 (18TC),occupied,24.2,58,100.3699951171875,99.25999450683594,337.53334554036456,63.16166559855143,low,0.0,21.0,24.0,21.0,23.0,-0.9659258262890683,-0.25881904510252063,0.43388373911755823,-0.900968867902419,False,False,50.0,,0.0,success
2026-02-19 14:00:00,2026-02-19 18:00:00,22.0,21.0,-1.0,24.16200065612793,14.361666361490885,24.158000310262043,22.0,21.0,1,Crime 101 (18TC),occupied,24.2,58,100.35999806722005,99.25333150227864,337.7333475748698,63.713331858317055,low,0.0,21.0,24.0,21.0,23.0,-1.0,-1.8369701987210297e-16,0.43388373911755823,-0.900968867902419,False,False,40.0,,0.0,success
2026-02-19 14:10:00,2026-02-19 18:10:00,22.0,21.0,-1.0,24.16200065612793,14.359999656677246,24.16200065612793,22.0,21.0,1,Crime 101 (18TC),occupied,24.2,58,100.3699951171875,99.25,337.20001220703125,63.592498779296875,low,0.0,21.0,24.0,21.0,23.0,-1.0,-1.8369701987210297e-16,0.43388373911755823,-0.900968867902419,False,False,30.0,,0.0,success
2026-02-19 14:20:00,2026-02-19 18:20:00,22.0,21.0,-1.0,24.156999588012695,14.320000012715658,24.16200065612793,22.0,21.0,1,Crime 101 (18TC),occupied,24.2,58,100.36000061035156,99.25999450683594,339.5333557128906,63.78666432698568,low,0.0,21.0,24.0,21.0,23.0,-1.0,-1.8369701987210297e-16,0.43388373911755823,-0.900968867902419,False,False,20.0,,0.0,success
2026-02-19 14:30:00,2026-02-19 18:30:00,22.0,21.0,-1.0,24.14699935913086,14.269999980926514,24.156999588012695,22.0,21.0,1,Crime 101 (18TC),occupied,24.2,58,100.36499786376953,99.25499725341797,340.0500183105469,64.03999900817871,low,0.0,21.0,24.0,21.0,23.0,-1.0,-1.8369701987210297e-16,0.43388373911755823,-0.900968867902419,False,False,10.0,,0.0,success
2026-02-19 14:40:00,2026-02-19 18:40:00,22.0,21.0,-1.0,24.14699935913086,14.239999771118164,24.14699935913086,22.0,21.0,1,Shelter (18TC),occupied,23.4,67,100.35999806722005,99.25333150227864,341.6666666666667,64.0500005086263,low,0.0,21.0,24.0,21.0,23.0,-1.0,-1.8369701987210297e-16,0.43388373911755823,-0.900968867902419,False,False,45.0,,1.0,success
2026-02-19 14:50:00,2026-02-19 18:50:00,22.0,21.0,-1.0,24.104999542236328,14.217499732971191,24.14699935913086,22.0,21.0,1,Shelter (18TC),occupied,23.4,67,100.3599967956543,99.25499725341797,339.70001220703125,64.06749725341797,low,0.0,21.0,24.0,21.0,23.0,-1.0,-1.8369701987210297e-16,0.43388373911755823,-0.900968867902419,False,False,35.0,,1.0,success
2026-02-19 15:00:00,2026-02-19 19:00:00,22.0,21.0,-1.0,24.062999725341797,14.194999694824219,24.104999542236328,22.0,21.0,1,Crime 101 (18TC),occupied,23.4,67,100.36666361490886,99.25333150227864,341.5666809082031,64.31666564941406,low,0.0,21.0,24.0,21.0,23.0,-0.9659258262890684,0.2588190451025203,0.43388373911755823,-0.900968867902419,False,False,160.0,,0.0,success
2026-02-19 15:10:00,2026-02-19 19:10:00,22.0,21.0,-1.0,24.062999725341797,14.177499294281006,24.062999725341797,22.0,21.0,1,Crime 101 (18TC),occupied,23.4,67,100.36000061035156,99.25,342.70001220703125,64.53499984741211,low,0.0,21.0,24.0,21.0,23.0,-0.9659258262890684,0.2588190451025203,0.43388373911755823,-0.900968867902419,False,False,150.0,,0.0,success
2026-02-19 15:20:00,2026-02-19 19:20:00,22.0,21.0,-1.0,24.050999959309895,14.1899995803833,24.062999725341797,22.0,21.0,1,Crime 101 (18TC),occupied,23.4,67,100.35999806722005,99.25333150227864,340.86667887369794,64.95833333333333,low,0.0,21.0,24.0,21.0,23.0,-0.9659258262890684,0.2588190451025203,0.43388373911755823,-0.900968867902419,False,False,140.0,,0.0,success
2026-02-19 15:30:00,2026-02-19 19:30:00,22.0,21.0,-1.0,24.027000427246094,14.1899995803833,24.050999959309895,22.0,21.0,1,Crime 101 (18TC),occupied,23.4,67,100.36499786376953,99.25499725341797,341.0,65.03499603271484,low,0.0,21.0,24.0,21.0,23.0,-0.9659258262890684,0.2588190451025203,0.43388373911755823,-0.900968867902419,False,False,130.0,,0.0,success
2026-02-19 15:40:00,2026-02-19 19:40:00,22.0,21.0,-1.0,24.027000427246094,14.173332850138346,24.027000427246094,22.0,21.0,1,Crime 101 (18TC),occupied,23.0,66,100.3633321126302,99.25999450683594,345.6666768391927,65.28499603271484,low,0.0,21.0,24.0,21.0,23.0,-0.9659258262890684,0.2588190451025203,0.43388373911755823,-0.900968867902419,False,False,120.0,,0.0,success
2026-02-19 15:50:00,2026-02-19 19:50:00,22.0,21.0,-1.0,24.019500732421875,14.164999961853027,24.027000427246094,22.0,21.0,1,Crime 101 (18TC),occupied,23.0,66,100.36499786376953,99.25,345.8000183105469,65.55249786376953,low,0.0,21.0,24.0,21.0,23.0,-0.9659258262890684,0.2588190451025203,0.43388373911755823,-0.900968867902419,False,False,110.0,,0.0,success
2026-02-19 16:00:00,2026-02-19 20:00:00,22.0,21.0,-1.0,24.012001037597656,14.161666552225748,24.019500732421875,22.0,21.0,1,Crime 101 (18TC),occupied,23.0,66,100.3699951171875,99.25,345.53334554036456,65.81499735514323,low,0.0,21.0,24.0,21.0,23.0,-0.8660254037844386,0.5000000000000001,0.43388373911755823,-0.900968867902419,False,False,100.0,,0.0,success
2026-02-19 16:10:00,2026-02-19 20:10:00,22.0,21.0,-1.0,24.012001037597656,14.15749979019165,24.012001037597656,22.0,21.0,1,Crime 101 (18TC),occupied,23.0,66,100.3699951171875,99.25,348.50001525878906,66.01000213623047,low,0.0,21.0,24.0,21.0,23.0,-0.8660254037844386,0.5000000000000001,0.43388373911755823,-0.900968867902419,False,False,90.0,,0.0,success
2026-02-19 16:20:00,2026-02-19 20:20:00,22.0,21.0,-1.0,24.012001037597656,14.149999618530273,24.012001037597656,22.0,21.0,1,Crime 101 (18TC),occupied,23.0,66,100.35499954223633,99.24999618530273,352.6000061035156,66.05500030517578,low,0.0,21.0,24.0,21.0,23.0,-0.8660254037844386,0.5000000000000001,0.43388373911755823,-0.900968867902419,False,False,80.0,,0.0,success
2026-02-19 16:30:00,2026-02-19 20:30:00,22.0,21.0,-1.0,24.033000946044922,14.15666643778483,24.012001037597656,22.0,21.0,1,Crime 101 (18TC),occupied,23.0,66,100.3633321126302,99.25,352.20001220703125,66.09666442871094,low,0.0,21.0,24.0,21.0,23.0,-0.8660254037844386,0.5000000000000001,0.43388373911755823,-0.900968867902419,False,False,70.0,,0.0,success
2026-02-19 16:40:00,2026-02-19 20:40:00,22.0,21.0,-1.0,24.033000946044922,14.139999866485596,24.033000946044922,22.0,21.0,1,Crime 101 (18TC),occupied,22.5,66,100.3699951171875,99.24499893188477,355.65000915527344,66.29750061035156,low,0.0,21.0,24.0,21.0,23.0,-0.8660254037844386,0.5000000000000001,0.43388373911755823,-0.900968867902419,False,False,60.0,,0.0,success
2026-02-19 16:50:00,2026-02-19 20:50:00,22.0,21.0,-1.0,24.022000630696613,14.094999631245932,24.033000946044922,22.0,21.0,1,Crime 101 (18TC),occupied,22.5,66,100.3633295694987,99.24999745686848,359.6333516438802,66.34666697184245,low,0.0,21.0,24.0,21.0,23.0,-0.8660254037844386,0.5000000000000001,0.43388373911755823,-0.900968867902419,False,False,50.0,,0.0,success
2026-02-19 17:00:00,2026-02-19 21:00:00,22.0,21.0,-1.0,24.0,14.03666623433431,24.022000630696613,22.0,21.0,1,Crime 101 (18TC),occupied,22.5,66,100.3633295694987,99.25,361.5666809082031,66.3816655476888,low,0.0,21.0,24.0,21.0,23.0,-0.7071067811865477,0.7071067811865474,0.43388373911755823,-0.900968867902419,False,False,40.0,,0.0,success
2026-02-19 17:10:00,2026-02-19 21:10:00,22.0,21.0,-1.0,24.0,14.019999980926514,24.0,22.0,21.0,1,Crime 101 (18TC),occupied,22.5,66,100.3699951171875,99.24499893188477,361.8000183105469,66.43999481201172,low,0.0,21.0,24.0,21.0,23.0,-0.7071067811865477,0.7071067811865474,0.43388373911755823,-0.900968867902419,False,False,30.0,,0.0,success
2026-02-19 17:20:00,2026-02-19 21:20:00,22.0,21.0,-1.0,23.974000295003254,14.013332684834799,24.0,22.0,21.0,1,Crime 101 (18TC),occupied,22.5,66,100.3633321126302,99.24333190917969,364.5,66.67166646321614,low,0.0,21.0,24.0,21.0,23.0,-0.7071067811865477,0.7071067811865474,0.43388373911755823,-0.900968867902419,False,False,20.0,,0.0,success
2026-02-19 17:30:00,2026-02-19 21:30:00,22.0,21.0,-1.0,23.954999923706055,14.009999752044678,23.974000295003254,22.0,21.0,1,Crime 101 (18TC),occupied,22.5,66,100.3599967956543,99.24499893188477,367.8500213623047,66.70249938964844,low,0.0,21.0,24.0,21.0,23.0,-0.7071067811865477,0.7071067811865474,0.43388373911755823,-0.900968867902419,False,False,10.0,,0.0,success
2026-02-19 17:40:00,2026-02-19 21:40:00,22.0,21.0,-1.0,23.954999923706055,14.00333309173584,23.954999923706055,22.0,21.0,1,The housemaid (18TC),occupied,22.0,64,100.3566665649414,99.25,369.90001424153644,66.99999745686848,low,0.0,21.0,24.0,21.0,23.0,-0.7071067811865477,0.7071067811865474,0.43388373911755823,-0.900968867902419,False,False,35.0,,1.0,success
2026-02-19 17:50:00,2026-02-19 21:50:00,22.0,21.0,-1.0,23.96399974822998,13.989999771118164,23.954999923706055,22.0,21.0,1,The housemaid (18TC),occupied,22.0,64,100.3699951171875,99.24499893188477,372.1000213623047,66.97749710083008,low,0.0,21.0,24.0,21.0,23.0,-0.7071067811865477,0.7071067811865474,0.43388373911755823,-0.900968867902419,False,False,25.0,,1.0,success
2026-02-19 18:00:00,2026-02-19 22:00:00,22.0,21.0,-1.0,23.972999572753906,13.992499828338623,23.96399974822998,22.0,21.0,1,Crime 101 (18TC),occupied,22.0,64,100.36000061035156,99.24499893188477,375.1500244140625,67.02999877929688,low,0.0,21.0,24.0,21.0,23.0,-0.5000000000000004,0.8660254037844384,0.43388373911755823,-0.900968867902419,False,False,160.0,,0.0,success
2026-02-19 18:10:00,2026-02-19 22:10:00,22.0,21.0,-1.0,23.972999572753906,13.97166633605957,23.972999572753906,22.0,21.0,1,Crime 101 (18TC),occupied,22.0,64,100.3633321126302,99.23999786376953,374.2666727701823,67.04499816894531,low,0.0,21.0,24.0,21.0,23.0,-0.5000000000000004,0.8660254037844384,0.43388373911755823,-0.900968867902419,False,False,150.0,,0.0,success
2026-02-19 18:20:00,2026-02-19 22:20:00,22.0,21.0,-1.0,23.98699951171875,13.958333015441895,23.972999572753906,22.0,21.0,1,Crime 101 (18TC),occupied,22.0,64,100.3633321126302,99.23999786376953,389.6000162760417,66.97999827067058,low,0.0,21.0,24.0,21.0,23.0,-0.5000000000000004,0.8660254037844384,0.43388373911755823,-0.900968867902419,False,False,140.0,,0.0,success
2026-02-19 18:30:00,2026-02-19 22:30:00,22.0,21.0,-1.0,24.11549949645996,13.9399995803833,23.98699951171875,22.0,21.0,1,Crime 101 (18TC),occupied,22.0,64,100.36000061035156,99.23999786376953,404.6500244140625,66.99499893188477,low,0.0,21.0,24.0,21.0,23.0,-0.5000000000000004,0.8660254037844384,0.43388373911755823,-0.900968867902419,False,False,130.0,,0.0,success
2026-02-19 18:40:00,2026-02-19 22:40:00,22.0,21.0,-1.0,24.215999603271484,13.924999554951986,24.11549949645996,22.0,21.0,1,Crime 101 (18TC),occupied,21.4,61,100.36666361490886,99.23999786376953,417.00001017252606,67.02833048502605,low,0.0,21.0,24.0,21.0,23.0,-0.5000000000000004,0.8660254037844384,0.43388373911755823,-0.900968867902419,False,False,120.0,,0.0,success
2026-02-19 18:50:00,2026-02-19 22:50:00,22.0,21.0,-1.0,24.131999969482422,13.91499948501587,24.215999603271484,22.0,21.0,1,Crime 101 (18TC),occupied,21.4,61,100.36499786376953,99.23999786376953,424.25,67.11499786376953,low,0.0,21.0,24.0,21.0,23.0,-0.5000000000000004,0.8660254037844384,0.43388373911755823,-0.900968867902419,False,False,110.0,,0.0,success
2026-02-19 19:00:00,2026-02-19 23:00:00,22.0,21.0,-1.0,24.04800033569336,13.894999504089355,24.131999969482422,22.0,21.0,1,Crime 101 (18TC),occupied,21.4,61,100.35499954223633,99.23999786376953,434.6000061035156,67.29249954223633,low,0.0,21.0,24.0,21.0,23.0,-0.25881904510252157,0.9659258262890681,0.43388373911755823,-0.900968867902419,False,False,100.0,,0.0,success
2026-02-19 19:10:00,2026-02-19 23:10:00,22.0,21.0,-1.0,24.04800033569336,13.888333002726236,24.04800033569336,22.0,21.0,1,Crime 101 (18TC),occupied,21.4,61,100.3633295694987,99.24333190917969,437.73333740234375,67.27499643961589,low,0.0,21.0,24.0,21.0,23.0,-0.25881904510252157,0.9659258262890681,0.43388373911755823,-0.900968867902419,False,False,90.0,,0.0,success
2026-02-19 19:20:00,2026-02-19 23:20:00,22.0,21.0,-1.0,24.04800033569336,13.864999771118164,24.04800033569336,22.0,21.0,1,Crime 101 (18TC),occupied,21.4,61,100.36499786376953,99.24499893188477,447.40000915527344,67.27999496459961,low,0.0,21.0,24.0,21.0,23.0,-0.25881904510252157,0.9659258262890681,0.43388373911755823,-0.900968867902419,False,False,80.0,,0.0,success
2026-02-19 19:30:00,2026-02-19 23:30:00,22.0,21.0,-1.0,24.062999725341797,13.87166659037272,24.04800033569336,22.0,21.0,1,Crime 101 (18TC),occupied,21.4,61,100.3566665649414,99.24333190917969,452.1666666666667,67.43666330973308,low,0.0,21.0,24.0,21.0,23.0,-0.25881904510252157,0.9659258262890681,0.43388373911755823,-0.900968867902419,False,False,70.0,,0.0,success
2026-02-19 19:40:00,2026-02-19 23:40:00,22.0,21.0,-1.0,24.062999725341797,13.859999656677246,24.062999725341797,22.0,21.0,1,Crime 101 (18TC),occupied,20.5,60,100.3499984741211,99.23999786376953,459.8999938964844,67.33499908447266,low,0.0,21.0,24.0,21.0,23.0,-0.25881904510252157,0.9659258262890681,0.43388373911755823,-0.900968867902419,False,False,60.0,,0.0,success
2026-02-19 19:50:00,2026-02-19 23:50:00,22.0,21.0,-1.0,24.056999842325848,13.856666247049967,24.062999725341797,22.0,21.0,1,Crime 101 (18TC),occupied,20.5,60,100.36666361490886,99.23999786376953,464.50001017252606,67.39499918619792,low,0.0,21.0,24.0,21.0,23.0,-0.25881904510252157,0.9659258262890681,0.43388373911755823,-0.900968867902419,False,False,50.0,,0.0,success
2026-02-19 20:00:00,2026-02-20 00:00:00,22.0,21.0,-1.0,24.045000076293945,13.854999542236328,24.056999842325848,22.0,21.0,1,Crime 101 (18TC),occupied,20.5,60,100.36499786376953,99.23999786376953,469.70001220703125,67.60249710083008,low,0.0,21.0,24.0,21.0,23.0,0.0,1.0,-0.433883739117558,-0.9009688679024191,False,False,40.0,,0.0,success
2026-02-19 20:10:00,2026-02-20 00:10:00,22.0,21.0,-1.0,24.045000076293945,13.84666633605957,24.045000076293945,22.0,21.0,1,Crime 101 (18TC),occupied,20.5,60,100.3633321126302,99.23999786376953,472.3333435058594,67.57833099365234,low,0.0,21.0,24.0,21.0,23.0,0.0,1.0,-0.433883739117558,-0.9009688679024191,False,False,30.0,,0.0,success
2026-02-19 20:20:00,2026-02-20 00:20:00,22.0,21.0,-1.0,24.045000076293945,14.609999656677246,24.045000076293945,22.0,21.0,1,Crime 101 (18TC),occupied,20.5,60,100.3699951171875,99.24499893188477,474.54998779296875,67.74250030517578,low,0.0,21.0,24.0,21.0,23.0,0.0,1.0,-0.433883739117558,-0.9009688679024191,False,False,20.0,,0.0,success
2026-02-19 20:30:00,2026-02-20 00:30:00,22.0,21.0,-1.0,24.229999542236328,15.278333028157553,24.045000076293945,22.0,21.0,1,Crime 101 (18TC),occupied,20.5,60,100.36666361490886,99.23666381835938,477.3333231608073,67.94166310628255,low,0.0,21.0,24.0,21.0,23.0,0.0,1.0,-0.433883739117558,-0.9009688679024191,False,False,10.0,,0.0,success
2026-02-19 20:40:00,2026-02-20 00:40:00,22.0,24.0,2.0,24.326000213623047,16.114999771118164,24.229999542236328,22.0,,0,,unoccupied,20.1,59,100.36666361490886,99.23999786376953,464.1333414713542,68.02666473388672,unknown,,21.0,24.0,21.0,23.0,0.0,1.0,-0.433883739117558,-0.9009688679024191,False,False,,920.0,,bypassed
2026-02-19 20:50:00,2026-02-20 00:50:00,22.0,24.0,2.0,24.38550090789795,16.744999885559082,24.326000213623047,22.0,,0,,unoccupied,20.1,59,100.3699951171875,99.23999786376953,453.8500061035156,68.1500015258789,unknown,,21.0,24.0,21.0,23.0,0.0,1.0,-0.433883739117558,-0.9009688679024191,False,False,,910.0,,bypassed
2026-02-19 21:00:00,2026-02-20 01:00:00,24.0,24.0,0.0,24.577000935872395,17.31166648864746,24.38550090789795,22.0,,0,,unoccupied,20.1,59,100.3633321126302,99.24333190917969,445.3000081380208,68.17833201090495,unknown,,21.0,24.0,21.0,23.0,0.25881904510252074,0.9659258262890683,-0.433883739117558,-0.9009688679024191,False,False,,900.0,,bypassed
2026-02-19 21:10:00,2026-02-20 01:10:00,24.0,24.0,0.0,24.648000717163086,17.817500114440918,24.577000935872395,24.0,,0,,unoccupied,20.1,59,100.3699951171875,99.24499893188477,436.6000061035156,67.92500305175781,unknown,,21.0,24.0,21.0,23.0,0.25881904510252074,0.9659258262890683,-0.433883739117558,-0.9009688679024191,False,False,,890.0,,bypassed
2026-02-19 21:20:00,2026-02-20 01:20:00,24.0,24.0,0.0,24.858001708984375,18.16499900817871,24.648000717163086,24.0,,0,,unoccupied,20.1,59,100.36499786376953,99.23999786376953,428.8000030517578,67.83250045776367,unknown,,21.0,24.0,21.0,23.0,0.25881904510252074,0.9659258262890683,-0.433883739117558,-0.9009688679024191,False,False,,880.0,,bypassed
2026-02-19 21:30:00,2026-02-20 01:30:00,24.0,24.0,0.0,25.049999237060547,18.581666310628254,24.858001708984375,24.0,,0,,unoccupied,20.1,59,100.3699951171875,99.24333190917969,422.6000061035156,67.49499766031902,unknown,,21.0,24.0,21.0,23.0,0.25881904510252074,0.9659258262890683,-0.433883739117558,-0.9009688679024191,False,False,,870.0,,bypassed
2026-02-19 21:40:00,2026-02-20 01:40:00,24.0,24.0,0.0,25.049999237060547,18.987499237060547,25.049999237060547,24.0,,0,,unoccupied,19.2,59,100.3699951171875,99.24499893188477,433.3000030517578,65.69249725341797,unknown,,21.0,24.0,21.0,23.0,0.25881904510252074,0.9659258262890683,-0.433883739117558,-0.9009688679024191,False,False,,860.0,,bypassed
2026-02-19 21:50:00,2026-02-20 01:50:00,24.0,24.0,0.0,25.261999766031902,19.35999933878581,25.049999237060547,24.0,,0,,unoccupied,19.2,59,100.3699951171875,99.24666595458984,427.3666687011719,66.66499837239583,unknown,,21.0,24.0,21.0,23.0,0.25881904510252074,0.9659258262890683,-0.433883739117558,-0.9009688679024191,False,False,,850.0,,bypassed
2026-02-19 22:00:00,2026-02-20 02:00:00,24.0,24.0,0.0,25.204999287923176,19.29833221435547,25.261999766031902,24.0,,0,,unoccupied,19.2,59,0.14000000059604645,99.23999786376953,430.56667073567706,65.30166625976562,unknown,,21.0,24.0,21.0,23.0,0.49999999999999994,0.8660254037844387,-0.433883739117558,-0.9009688679024191,False,False,,840.0,,bypassed
2026-02-19 22:10:00,2026-02-20 02:10:00,24.0,24.0,0.0,25.070999145507812,19.045000076293945,25.204999287923176,24.0,,0,,unoccupied,19.2,59,0.14000000059604645,99.24499893188477,436.3000183105469,64.77999877929688,unknown,,21.0,24.0,21.0,23.0,0.49999999999999994,0.8660254037844387,-0.433883739117558,-0.9009688679024191,False,False,,830.0,,bypassed
2026-02-19 22:20:00,2026-02-20 02:20:00,24.0,24.0,0.0,25.055999755859375,18.963333129882812,25.070999145507812,24.0,,0,,unoccupied,19.2,59,0.14000000059604645,99.24666595458984,433.90000406901044,64.48500061035156,unknown,,21.0,24.0,21.0,23.0,0.49999999999999994,0.8660254037844387,-0.433883739117558,-0.9009688679024191,False,False,,820.0,,bypassed
2026-02-19 22:30:00,2026-02-20 02:30:00,24.0,24.0,0.0,25.0260009765625,18.962499618530273,25.055999755859375,24.0,,0,,unoccupied,19.2,59,0.14000000059604645,99.24499893188477,431.8500061035156,64.34249496459961,unknown,,21.0,24.0,21.0,23.0,0.49999999999999994,0.8660254037844387,-0.433883739117558,-0.9009688679024191,False,False,,810.0,,bypassed
2026-02-19 22:40:00,2026-02-20 02:40:00,24.0,24.0,0.0,25.16400146484375,19.0016663869222,25.0260009765625,24.0,,0,,unoccupied,18.9,56,0.14000000059604645,99.24333190917969,430.8000081380208,64.23500061035156,unknown,,21.0,24.0,21.0,23.0,0.49999999999999994,0.8660254037844387,-0.433883739117558,-0.9009688679024191,False,False,,800.0,,bypassed
2026-02-19 22:50:00,2026-02-20 02:50:00,24.0,24.0,0.0,25.186500549316406,19.0649995803833,25.16400146484375,24.0,,0,,unoccupied,18.9,56,0.14000000059604645,99.24499893188477,431.3000030517578,64.04499816894531,unknown,,21.0,24.0,21.0,23.0,0.49999999999999994,0.8660254037844387,-0.433883739117558,-0.9009688679024191,False,False,,790.0,,bypassed
2026-02-19 23:00:00,2026-02-20 03:00:00,24.0,24.0,0.0,25.139999389648438,19.125,25.186500549316406,24.0,,0,,unoccupied,18.9,56,0.14000000059604645,99.24333190917969,430.03334554036456,63.99499766031901,unknown,,21.0,24.0,21.0,23.0,0.7071067811865476,0.7071067811865476,-0.433883739117558,-0.9009688679024191,False,False,,780.0,,bypassed
2026-02-19 23:10:00,2026-02-20 03:10:00,24.0,24.0,0.0,25.243499755859375,19.19499969482422,25.139999389648438,24.0,,0,,unoccupied,18.9,56,0.14000000059604645,99.25,427.6999969482422,63.93000030517578,unknown,,21.0,24.0,21.0,23.0,0.7071067811865476,0.7071067811865476,-0.433883739117558,-0.9009688679024191,False,False,,770.0,,bypassed
2026-02-19 23:20:00,2026-02-20 03:20:00,24.0,24.0,0.0,25.32199986775716,19.2549991607666,25.243499755859375,24.0,,0,,unoccupied,18.9,56,0.14000000059604645,99.25333150227864,426.8333333333333,63.85333124796549,unknown,,21.0,24.0,21.0,23.0,0.7071067811865476,0.7071067811865476,-0.433883739117558,-0.9009688679024191,False,False,,760.0,,bypassed
2026-02-19 23:30:00,2026-02-20 03:30:00,24.0,24.0,0.0,25.372499465942383,19.312499046325684,25.32199986775716,24.0,,0,,unoccupied,18.9,56,0.14000000059604645,99.23999786376953,430.8000030517578,63.8849983215332,unknown,,21.0,24.0,21.0,23.0,0.7071067811865476,0.7071067811865476,-0.433883739117558,-0.9009688679024191,False,False,,750.0,,bypassed
2026-02-19 23:40:00,2026-02-20 03:40:00,24.0,24.0,0.0,25.472999572753906,19.3799991607666,25.372499465942383,24.0,,0,,unoccupied,18.9,56,0.14000000059604645,99.23999786376953,430.2666727701823,63.768332163492836,unknown,,21.0,24.0,21.0,23.0,0.7071067811865476,0.7071067811865476,-0.433883739117558,-0.9009688679024191,False,False,,740.0,,bypassed
2026-02-19 23:50:00,2026-02-20 03:50:00,24.0,24.0,0.0,25.441499710083008,19.389999389648438,25.472999572753906,24.0,,0,,unoccupied,18.9,56,0.14000000059604645,99.24499893188477,427.5500030517578,63.76249885559082,unknown,,21.0,24.0,21.0,23.0,0.7071067811865476,0.7071067811865476,-0.433883739117558,-0.9009688679024191,False,False,,730.0,,bypassed
